algorithm,runtime,modularity,ari,communities,avg_community_size,largest_community,smallest_community
Louvain,0.06278252601623535,0.4677183907529466,0.4940045791848554,8,93.75,107,73
Hybrid,0.6550753116607666,0.29728076063877096,0.37625710715751304,41,18.29268292682927,86,5
Girvan-Newman,48.09077978134155,0.0,0.0,1,750.0,750,750
