algorithm,runtime,modularity,ari,communities,avg_community_size,largest_community,smallest_community
Louvain,0.1507570743560791,0.48244761986548634,0.6020513904647804,10,100.0,149,34
Hybrid,2.136699676513672,0.23247344802610515,0.26077844728076843,61,16.39344262295082,91,5
Girvan-Newman,312.80926394462585,9.330664469505331e-05,4.5603925857995004e-05,6,166.66666666666666,995,1
