algorithm,runtime,modularity,ari,communities,avg_community_size,largest_community,smallest_community
Louvain,0.052216291427612305,0.47682406812646405,0.41849926065874515,9,51.44444444444444,92,1
Hybrid,0.22844719886779785,0.44981901415063374,0.47420512211470484,16,28.9375,61,1
Girvan-Newman,210.20298957824707,0.46422080938400845,0.47157578987920806,27,17.14814814814815,70,1
