algorithm,runtime,modularity,ari,communities,avg_community_size,largest_community,smallest_community
Louvain,0.04834151268005371,0.5007694718698571,0.5398947290472732,9,55.55555555555556,80,30
Hybrid,0.24598455429077148,0.37517894468109786,0.3764894671268183,25,20.0,56,5
Girvan-Newman,287.2820236682892,0.49791235751249713,0.5248615573614284,16,31.25,98,1
