algorithm,runtime,modularity,ari,communities,avg_community_size,largest_community,smallest_community
Louvain,0.011812925338745117,0.6044746980424823,0.4074137155630363,14,14.285714285714286,35,1
Hybrid,0.023608684539794922,0.5998672428154934,0.365798283388587,13,15.384615384615385,35,1
Girvan-Newman,3.1808948516845703,0.5981361932528113,0.3966351181136951,15,13.333333333333334,28,1
